x,y,w_words,h,slot,writes
0,480,16,1,clut,100
0,480,16,16,clut,56
0,480,256,1,clut,1302
0,481,16,1,clut,6
0,481,256,1,clut,361
0,482,16,1,clut,3
0,482,256,1,clut,175
0,483,16,1,clut,1
0,483,16,4,clut,1
0,483,256,1,clut,84
0,484,16,1,clut,2
0,484,256,1,clut,57
0,485,16,1,clut,2
0,485,256,1,clut,53
0,486,16,1,clut,3
0,486,256,1,clut,48
0,487,16,1,clut,4
0,487,256,1,clut,48
0,488,16,1,clut,16
0,488,256,1,clut,93
0,489,16,1,clut,25
0,489,256,1,clut,63
0,490,16,1,clut,14
0,490,256,1,clut,39
0,491,16,1,clut,1
0,491,256,1,clut,38
0,492,16,1,clut,1
0,492,256,1,clut,39
0,493,16,1,clut,1
0,493,256,1,clut,38
0,494,16,1,clut,2
0,494,256,1,clut,38
0,495,16,1,clut,1
0,495,256,1,clut,38
0,496,16,1,clut,30
0,496,16,4,clut,43
0,496,16,16,clut,10
0,496,256,1,clut,1210
0,497,16,1,clut,2
0,497,256,1,clut,121
0,498,16,1,clut,2
0,498,256,1,clut,47
0,499,16,1,clut,2
0,499,256,1,clut,12
0,500,16,1,clut,2
0,500,256,1,clut,1
0,501,16,1,clut,3
0,501,256,1,clut,1
0,502,256,1,clut,1
0,504,256,1,clut,10
0,508,16,1,clut,1
0,510,16,1,clut,18
0,510,32,1,clut,3
0,510,48,1,clut,2
0,510,64,1,clut,2
0,510,80,1,clut,1
0,510,96,1,clut,1
0,510,256,1,clut,9
0,511,16,1,clut,255
0,511,48,1,clut,2
0,511,64,1,clut,1
0,511,80,1,clut,2
0,511,96,1,clut,2
0,511,256,1,clut,5
16,480,16,1,clut,2
16,481,16,1,clut,1
16,490,16,1,clut,56
16,496,16,16,clut,1
16,506,16,1,clut,80
16,508,16,1,clut,1
32,480,16,1,clut,2
32,496,16,1,clut,1
32,508,16,1,clut,1
48,480,16,1,clut,2
48,496,16,1,clut,1
48,508,16,1,clut,1
64,480,16,1,clut,2
64,496,16,1,clut,1
256,0,64,256,pixels,1
256,256,16,128,pixels,1
256,256,24,128,pixels,1
256,256,32,128,pixels,1
256,256,64,64,pixels,3
256,256,64,128,pixels,8
256,256,64,192,pixels,1
256,256,64,256,pixels,5
256,256,80,128,pixels,4
256,256,96,128,pixels,1
256,256,112,224,pixels,1
256,256,128,96,pixels,4
256,256,128,128,pixels,4
256,256,128,160,pixels,1
256,256,128,192,pixels,7
256,256,128,256,pixels,9
256,480,16,1,clut,1015
256,480,16,2,clut,60
256,480,16,4,clut,43
256,480,16,16,clut,1
256,480,256,1,clut,1042
256,481,16,2,clut,2
256,481,256,1,clut,82
256,482,256,1,clut,10
256,483,256,1,clut,10
256,484,256,1,clut,10
256,485,256,1,clut,10
256,486,256,1,clut,10
256,487,256,1,clut,10
256,488,256,1,clut,10
256,489,256,1,clut,10
256,490,256,1,clut,10
256,491,256,1,clut,10
256,492,256,1,clut,10
256,493,256,1,clut,10
256,494,256,1,clut,10
256,495,256,1,clut,10
256,496,16,1,clut,768
256,496,16,2,clut,8
256,496,16,8,clut,22
256,496,16,13,clut,9
256,496,16,16,clut,5
256,496,256,1,clut,601
256,497,16,3,clut,2
256,497,16,4,clut,1
256,510,256,1,clut,20
272,480,16,1,clut,2
272,480,16,16,clut,2
272,496,16,1,clut,74
272,496,16,2,clut,3
272,496,16,13,clut,9
288,496,16,1,clut,9
288,496,16,3,clut,2
288,499,16,2,clut,2
320,0,4,32,pixels,194
320,0,8,32,pixels,10
320,0,24,16,pixels,205
320,0,24,24,pixels,2
320,0,24,32,pixels,203
320,0,30,16,pixels,15
320,0,36,16,pixels,59
320,0,36,24,pixels,480
320,0,36,32,pixels,1194
320,0,36,40,pixels,10
320,0,36,64,pixels,180
320,0,48,32,pixels,1186
320,0,48,40,pixels,10
320,0,64,24,pixels,14
320,0,64,32,pixels,4692
320,0,64,40,pixels,2
320,0,64,48,pixels,74
320,0,64,64,pixels,1330
320,0,64,96,pixels,200
320,0,64,256,pixels,2
320,32,64,64,pixels,16
320,64,4,24,pixels,92
320,64,36,24,pixels,240
320,64,36,64,pixels,6
320,64,64,32,pixels,34
320,64,64,128,pixels,19
320,96,64,64,pixels,115
320,160,36,32,pixels,20
320,160,64,64,pixels,86
320,224,12,32,pixels,60
320,224,64,32,pixels,147
320,224,64,64,pixels,100
320,255,16,1,clut,7187
320,256,8,32,pixels,76
320,256,32,128,pixels,1
320,256,32,256,pixels,1
320,256,42,240,pixels,1
320,256,64,32,pixels,32
320,256,64,64,pixels,19
320,256,64,96,pixels,90
320,256,64,128,pixels,1
320,256,64,256,pixels,3
320,256,128,128,pixels,4
320,256,128,160,pixels,3
320,256,128,192,pixels,1
320,256,128,240,pixels,1
320,256,128,256,pixels,12
320,352,64,64,pixels,19
320,384,64,32,pixels,6
320,384,64,64,pixels,74
320,468,16,4,clut,9
320,472,16,1,clut,107
320,472,16,4,clut,19
336,468,16,4,clut,9
336,472,16,4,clut,19
352,468,16,4,clut,9
368,468,16,4,clut,9
384,0,64,64,pixels,49
384,0,64,96,pixels,127
384,0,64,256,pixels,2
384,64,36,32,pixels,5
384,64,52,64,pixels,70
384,64,64,32,pixels,62
384,64,64,64,pixels,425
384,128,4,16,pixels,4
384,128,6,16,pixels,2
384,128,16,32,pixels,4
384,128,64,32,pixels,96
384,128,64,64,pixels,16
384,160,64,32,pixels,34
384,192,52,64,pixels,263
384,192,64,32,pixels,492
384,192,64,64,pixels,738
384,256,16,128,pixels,1
384,256,32,128,pixels,4
384,256,32,192,pixels,1
384,256,32,256,pixels,1
384,256,64,64,pixels,5
384,256,64,96,pixels,1
384,256,64,128,pixels,12
384,256,64,160,pixels,1
384,256,64,184,pixels,2
384,256,64,192,pixels,1
384,256,64,256,pixels,5
384,256,128,128,pixels,1
384,256,128,184,pixels,2
384,256,128,256,pixels,3
384,468,16,4,clut,9
400,468,16,4,clut,9
400,472,16,4,clut,19
416,468,16,4,clut,9
432,468,16,4,clut,9
448,0,64,32,pixels,12
448,0,64,256,pixels,2
448,64,52,32,pixels,73
448,96,20,24,pixels,19
448,96,32,40,pixels,35
448,96,36,24,pixels,74
448,96,64,32,pixels,283
448,96,64,64,pixels,241
448,96,64,96,pixels,108
448,128,64,32,pixels,29
448,144,36,40,pixels,134
448,224,36,24,pixels,42
448,256,8,256,pixels,1
448,256,16,256,pixels,4
448,256,32,128,pixels,4
448,256,32,192,pixels,2
448,256,32,224,pixels,1
448,256,32,256,pixels,2
448,256,42,240,pixels,1
448,256,64,64,pixels,1
448,256,64,128,pixels,13
448,256,64,192,pixels,4
448,256,64,224,pixels,1
448,256,64,232,pixels,1
448,256,64,256,pixels,6
448,352,64,64,pixels,19
448,384,60,32,pixels,1
448,468,16,4,clut,9
464,468,16,4,clut,9
480,468,16,2,clut,9
496,96,12,32,pixels,67
496,150,16,1,clut,379
496,155,16,1,clut,67
496,158,16,1,clut,562
496,162,16,1,clut,106
496,165,16,1,clut,134
496,166,16,1,clut,760
496,169,16,1,clut,19
496,170,16,1,clut,16
496,172,16,1,clut,307
496,174,16,1,clut,64
496,175,16,1,clut,66
496,176,16,1,clut,42
496,177,16,1,clut,42
496,178,16,1,clut,40
496,180,16,1,clut,44
496,181,16,1,clut,44
496,184,16,1,clut,115
496,188,16,1,clut,106
496,191,16,1,clut,1493
496,198,16,1,clut,73
496,200,16,1,clut,391
496,202,16,1,clut,42
496,205,16,1,clut,14
496,205,16,2,clut,5
496,209,16,2,clut,158
496,209,16,4,clut,46
496,213,16,2,clut,34
496,216,16,1,clut,277
496,218,16,1,clut,2
496,468,16,1,clut,9
496,469,16,1,clut,9
512,0,4,24,pixels,20
512,0,8,16,pixels,124
512,0,8,48,pixels,90
512,0,16,32,pixels,33
512,0,20,32,pixels,48
512,0,24,40,pixels,12
512,0,36,24,pixels,20
512,0,36,32,pixels,8
512,0,64,24,pixels,16
512,0,64,32,pixels,426
512,0,64,64,pixels,273
512,0,64,96,pixels,132
512,0,64,256,pixels,58
512,0,96,160,pixels,3
512,0,128,256,pixels,1029
512,96,28,16,pixels,1
512,112,64,96,pixels,1
512,160,24,80,pixels,3
512,255,16,1,clut,1
512,256,16,64,pixels,24
512,256,20,48,pixels,50
512,256,32,192,pixels,5
512,256,32,256,pixels,8
512,256,40,72,pixels,1
512,256,48,32,pixels,1
512,256,64,32,pixels,76
512,256,64,96,pixels,14
512,256,64,160,pixels,3
512,256,64,192,pixels,3
512,256,64,256,pixels,96
512,256,128,256,pixels,585
536,160,36,64,pixels,1
576,0,64,216,pixels,1
576,0,64,256,pixels,4
576,160,40,88,pixels,1
576,256,6,32,pixels,2
576,256,16,40,pixels,74
576,256,64,144,pixels,9
576,256,64,256,pixels,14
576,400,64,32,pixels,9
576,432,64,64,pixels,9
576,496,16,1,clut,4
576,496,16,16,clut,28
576,510,16,1,clut,9
576,511,16,1,clut,9
608,0,32,64,pixels,1
624,496,16,3,clut,2
624,496,16,16,clut,3
640,0,24,16,pixels,90
640,0,64,64,pixels,123
640,0,64,256,pixels,1
640,128,64,32,pixels,90
640,256,64,32,pixels,66
640,256,64,256,pixels,8
640,256,128,256,pixels,6
640,288,64,32,pixels,64
640,304,32,128,pixels,9
640,320,64,32,pixels,42
640,352,64,32,pixels,42
640,384,64,32,pixels,40
640,416,64,32,pixels,44
640,432,64,32,pixels,9
640,448,64,32,pixels,44
640,464,64,40,pixels,9
640,480,64,32,pixels,204
656,288,16,16,clut,9
672,304,32,128,pixels,9
704,0,64,64,pixels,12
704,0,64,256,pixels,1
704,232,16,1,clut,1903
704,240,16,1,clut,29
704,256,64,256,pixels,15
704,416,52,32,pixels,49
704,416,52,64,pixels,106
704,416,64,32,pixels,58
704,416,64,64,pixels,166
704,432,64,80,pixels,31
704,480,60,24,pixels,5
704,480,64,32,pixels,14
704,495,16,1,clut,1
704,496,16,16,clut,1
704,504,16,8,pixels,2
736,240,16,1,clut,90
752,511,16,1,clut,31
768,0,56,256,pixels,2
768,0,64,32,pixels,2
768,0,64,256,pixels,62
768,0,128,240,pixels,2
768,0,128,256,pixels,1286
768,256,48,32,pixels,2
768,256,48,48,pixels,2
768,256,64,24,pixels,2
768,256,64,32,pixels,22
768,256,64,256,pixels,57
768,256,128,240,pixels,1
768,256,128,255,pixels,2
768,256,128,256,pixels,1202
832,0,64,32,pixels,1
832,0,64,128,pixels,1
832,0,64,256,pixels,5
832,256,36,96,pixels,1
832,256,64,80,pixels,1
832,256,64,216,pixels,1
832,256,64,256,pixels,4
896,0,16,1,pixels,17
896,0,24,56,pixels,1
896,0,24,240,pixels,1
896,0,32,128,pixels,5
896,0,36,64,pixels,1
896,0,44,24,pixels,1
896,0,48,64,pixels,1
896,0,48,224,pixels,1
896,0,56,248,pixels,2
896,0,58,40,pixels,1
896,0,58,144,pixels,1
896,0,58,224,pixels,1
896,0,60,160,pixels,1
896,0,60,208,pixels,20
896,0,64,96,pixels,1
896,0,64,136,pixels,1
896,0,64,160,pixels,4
896,0,64,168,pixels,1
896,0,64,184,pixels,8
896,0,64,208,pixels,1
896,0,64,224,pixels,1
896,0,64,248,pixels,1
896,0,64,256,pixels,57
896,128,64,120,pixels,1
896,240,16,2,clut,31
896,248,16,8,clut,5
896,254,16,2,clut,25
896,255,16,1,clut,11
944,248,16,2,clut,1
960,0,10,40,pixels,1
960,0,12,48,pixels,1
960,0,16,1,pixels,30
960,0,20,16,pixels,1
960,0,25,100,pixels,2
960,0,32,120,pixels,1
960,0,32,128,pixels,2
960,0,36,144,pixels,1
960,0,40,176,pixels,1
960,0,44,232,pixels,1
960,0,48,192,pixels,1
960,0,52,104,pixels,1
960,0,60,88,pixels,1
960,0,62,144,pixels,1
960,0,64,112,pixels,1
960,0,64,128,pixels,2
960,0,64,256,pixels,2
960,500,16,1,clut,176
976,200,8,32,pixels,458
976,496,16,1,clut,12
976,500,16,1,clut,123
992,496,16,1,clut,12
992,500,16,1,clut,16
1008,246,16,1,clut,458
